PLAYER_ID,points_per_game,three_pts_made,fg_made,field_goal_percentage,three_pts_percentage,dribbles_per_shot,touch_time_per_shot,defender_distance_per_shot,fg_pct_when_defender,average_distance_when_defender,total_defended_shots,PLAYER_NAME,TEAM_NAME,POSITION,POSITION_GROUP
708,6.021739130434782,0.14285714285714285,3.0,0.46779661016949153,0.14285714285714285,0.39322033898305087,1.4722033898305085,5.116610169491525,0.45,10.290000000000001,220,Kevin Garnett,Minnesota Timberwolves,PF,F
708,6.021739130434782,0.14285714285714285,3.0,0.46779661016949153,0.14285714285714285,0.39322033898305087,1.4722033898305085,5.116610169491525,0.45,10.290000000000001,220,Kevin Garnett,Brooklyn Nets,PF,F
977,16.34285714285714,1.4857142857142858,7.428571428571429,0.37302725968436157,0.28888888888888886,3.5480631276901002,4.684648493543759,3.2245337159253946,0.47924528301886793,16.853584905660377,265,Kobe Bryant,Los Angeles Lakers,SG,G
1495,11.036363636363637,0.3333333333333333,5.509090909090909,0.49835526315789475,0.3333333333333333,0.8009868421052632,2.136019736842105,3.0930921052631577,0.4469820554649266,9.213539967373572,613,Tim Duncan,San Antonio Spurs,C,C
1713,5.395348837209302,1.0232558139534884,2.186046511627907,0.33691756272401435,0.27672955974842767,1.2473118279569892,2.1268817204301076,4.6645161290322585,0.4327485380116959,17.397076023391815,171,Vince Carter,Memphis Grizzlies,SG,G
1717,14.068965517241379,1.3703703703703705,6.396551724137931,0.4608695652173913,0.3627450980392157,0.6496894409937888,2.0001242236024845,4.481739130434783,0.5122377622377622,12.332867132867133,572,Dirk Nowitzki,Dallas Mavericks,PF,F
1718,9.785714285714286,1.5714285714285714,4.107142857142857,0.452755905511811,0.39285714285714285,0.9665354330708661,2.0133858267716533,4.147637795275591,0.41509433962264153,16.303537735849055,424,Paul Pierce,Washington Wizards,SF,F
1889,3.66,0.1,1.82,0.5515151515151515,0.1,5.1878787878787875,5.501818181818182,2.8848484848484848,0.3132530120481928,17.78855421686747,166,Andre Miller,Sacramento Kings,PG,G
1889,3.66,0.1,1.82,0.5515151515151515,0.1,5.1878787878787875,5.501818181818182,2.8848484848484848,0.3132530120481928,17.78855421686747,166,Andre Miller,Washington Wizards,PG,G
1890,4.666666666666667,0.42857142857142855,2.2,0.4479638009049774,0.2926829268292683,0.6108597285067874,1.3479638009049772,3.830769230769231,0.39919354838709675,16.434274193548386,248,Shawn Marion,Cleveland Cavaliers,SF,F
1891,6.491228070175438,1.6428571428571428,2.43859649122807,0.41369047619047616,0.3786008230452675,1.2202380952380953,1.9422619047619047,4.930357142857143,0.4323308270676692,16.872932330827066,266,Jason Terry,Houston Rockets,SG,G
1938,9.169811320754716,1.411764705882353,3.9056603773584904,0.4268041237113402,0.34782608695652173,2.952577319587629,3.469278350515464,4.108453608247422,0.4504950495049505,16.084158415841586,202,Manu Ginobili,San Antonio Spurs,SG,G
2034,2.40625,0.7666666666666667,0.84375,0.3,0.3026315789473684,0.32222222222222224,1.1288888888888888,6.226666666666667,0.45652173913043476,17.196376811594202,138,Mike Miller,Cleveland Cavaliers,SF,F
2037,12.3,1.9,5.2,0.3974522292993631,0.33727810650887574,3.286624203821656,3.596687898089172,3.8365605095541397,0.4600760456273764,18.107224334600758,263,Jamal Crawford,Los Angeles Clippers,SG,G
2045,3.4242424242424243,1.0384615384615385,1.303030303030303,0.43,0.4153846153846154,1.02,1.995,5.085,0.4473684210526316,14.65438596491228,114,Hedo Turkoglu,Los Angeles Clippers,SF,F
2199,7.890909090909091,0.0,3.9454545454545453,0.678125,0.0,0.115625,0.8790625000000001,3.2421875,0.4692982456140351,9.469736842105263,684,Tyson Chandler,Dallas Mavericks,C,C
2200,13.56140350877193,0.4666666666666667,6.719298245614035,0.49165596919127086,0.4666666666666667,0.9473684210526315,2.3522464698331196,3.82400513478819,0.47156726768377255,8.699722607489598,721,Pau Gasol,Chicago Bulls,PF,F
2207,12.87719298245614,1.5714285714285714,5.666666666666667,0.4323962516733601,0.3651452282157676,3.281124497991968,3.853145917001339,4.084872824631861,0.45869565217391306,16.256521739130434,460,Joe Johnson,Brooklyn Nets,SG,G
2210,4.8,1.0222222222222221,1.94,0.42543859649122806,0.40707964601769914,0.9254385964912281,1.7969298245614034,4.411842105263158,0.45864661654135336,13.93796992481203,266,Richard Jefferson,Dallas Mavericks,SF,F
2216,12.54,0.5555555555555556,6.22,0.4859375,0.5,0.8765625,2.425,2.9821874999999998,0.4835390946502058,12.544032921810699,486,Zach Randolph,Memphis Grizzlies,PF,F
2225,11.717391304347826,0.8157894736842105,5.521739130434782,0.46098003629764067,0.484375,5.738656987295826,5.018148820326679,3.735390199637023,0.4722222222222222,15.797916666666667,288,Tony Parker,San Antonio Spurs,PG,G
2365,4.131578947368421,0.375,2.026315789473684,0.5833333333333334,0.375,0.15151515151515152,1.0924242424242423,3.422727272727273,0.5363984674329502,7.959386973180077,261,Chris Andersen,Miami Heat,C,C
2403,9.30188679245283,0.2,4.6415094339622645,0.5222929936305732,0.2,0.6411889596602972,2.1154989384288747,4.154352441613589,0.44591029023746703,13.22849604221636,379,Nene,Washington Wizards,PF,F
2405,8.974358974358974,0.0,4.487179487179487,0.54858934169279,0.0,0.6990595611285266,2.508150470219436,2.6094043887147333,0.4509090909090909,8.804363636363636,275,Amar'e Stoudemire,Dallas Mavericks,PF,F
2405,8.974358974358974,0.0,4.487179487179487,0.54858934169279,0.0,0.6990595611285266,2.508150470219436,2.6094043887147333,0.4509090909090909,8.804363636363636,275,Amar'e Stoudemire,New York Knicks,PF,F
2406,4.696428571428571,0.9074074074074074,1.9107142857142858,0.38768115942028986,0.32450331125827814,0.6630434782608695,1.7119565217391304,4.719202898550725,0.4631578947368421,15.801052631578948,285,Caron Butler,Detroit Pistons,SF,F
2430,10.379310344827585,0.0,5.189655172413793,0.5075885328836425,0.0,0.730185497470489,2.049409780775717,3.517706576728499,0.46547314578005117,13.787723785166241,391,Carlos Boozer,Los Angeles Lakers,PF,F
2440,8.46551724137931,1.631578947368421,3.4310344827586206,0.4533029612756264,0.3765182186234818,0.5216400911161732,1.3574031890660592,5.184510250569476,0.4072072072072072,16.254954954954954,555,Matt Barnes,Los Angeles Clippers,SF,F
2446,7.907407407407407,1.4423076923076923,3.259259259259259,0.44556962025316454,0.4076086956521739,0.7367088607594937,1.5397468354430381,4.172405063291139,0.46,15.191142857142856,350,Rasual Butler,Washington Wizards,SF,F
2449,7.305084745762712,0.35714285714285715,3.610169491525424,0.46405228758169936,0.3125,0.5904139433551199,1.6089324618736383,3.8028322440087146,0.453125,12.115,320,Luis Scola,Indiana Pacers,PF,F
2544,19.58823529411765,1.588235294117647,9.0,0.4867444326617179,0.3360995850622407,4.729586426299045,5.797348886532343,4.204559915164369,0.4276923076923077,15.676307692307693,325,LeBron James,Cleveland Cavaliers,SF,F
2546,18.28205128205128,1.4615384615384615,8.41025641025641,0.43443708609271525,0.33727810650887574,1.8728476821192053,3.3005298013245032,3.6488741721854305,0.48366013071895425,16.2281045751634,306,Carmelo Anthony,New York Knicks,SF,F
2547,16.295454545454547,1.3863636363636365,7.454545454545454,0.45429362880886426,0.37423312883435583,0.7354570637119113,2.3343490304709142,4.502908587257617,0.4658385093167702,12.17991718426501,483,Chris Bosh,Miami Heat,C,C
2548,15.452380952380953,0.5357142857142857,7.5476190476190474,0.4661764705882353,0.25862068965517243,3.4,4.188529411764706,3.3911764705882352,0.4008810572687225,15.708810572687225,227,Dwyane Wade,Miami Heat,SG,G
2549,7.214285714285714,0.0,3.607142857142857,0.4855769230769231,0.0,0.7932692307692307,1.9507211538461537,3.0721153846153846,0.46206896551724136,8.935862068965516,435,Chris Kaman,Portland Trail Blazers,C,C
2550,5.520833333333333,0.9772727272727273,2.3125,0.36156351791530944,0.3115942028985507,2.44299674267101,2.752442996742671,5.001954397394137,0.4421364985163205,15.6593471810089,337,Kirk Hinrich,Chicago Bulls,SG,G
2555,3.4901960784313726,0.41379310344827586,1.6274509803921569,0.40096618357487923,0.23529411764705882,0.3526570048309179,1.2753623188405796,4.524637681159421,0.4807692307692308,12.724679487179486,312,Nick Collison,Oklahoma City Thunder,PF,F
2561,10.755555555555556,0.3333333333333333,5.333333333333333,0.47904191616766467,0.25,0.812375249500998,1.8079840319361276,4.4283433133732535,0.47058823529411764,13.144919786096256,374,David West,Indiana Pacers,PF,F
2564,7.237288135593221,0.803921568627451,3.2711864406779663,0.4541176470588235,0.328,1.5435294117647058,2.291529411764706,4.9282352941176475,0.4649805447470817,12.283852140077821,514,Boris Diaw,San Antonio Spurs,PF,F
2570,3.176470588235294,0.0,1.588235294117647,0.4263157894736842,0.0,0.6842105263157895,1.8773684210526316,3.0068421052631575,0.4322033898305085,10.541242937853108,354,Kendrick Perkins,Cleveland Cavaliers,C,C
2570,3.176470588235294,0.0,1.588235294117647,0.4263157894736842,0.0,0.6842105263157895,1.8773684210526316,3.0068421052631575,0.4322033898305085,10.541242937853108,354,Kendrick Perkins,Oklahoma City Thunder,C,C
2571,5.777777777777778,0.8125,2.6,0.468,0.3561643835616438,1.556,2.1172,4.1644,0.4566929133858268,14.994488188976378,127,Leandro Barbosa,Golden State Warriors,SG,G
2581,3.711864406779661,0.8596491228070176,1.4406779661016949,0.36324786324786323,0.3310810810810811,3.5085470085470085,3.597008547008547,5.642735042735043,0.4444444444444444,15.1159891598916,369,Steve Blake,Portland Trail Blazers,PG,G
2585,5.686274509803922,0.0,2.843137254901961,0.43154761904761907,0.0,0.5267857142857143,1.681547619047619,4.666071428571429,0.44941176470588234,9.77035294117647,425,Zaza Pachulia,Milwaukee Bucks,C,C
2588,4.260869565217392,0.9743589743589743,1.7173913043478262,0.4030612244897959,0.3584905660377358,0.8010204081632653,1.3994897959183674,5.541836734693878,0.4,12.52627450980392,255,Matt Bonner,San Antonio Spurs,PF,F
2590,11.319148936170214,1.702127659574468,4.808510638297872,0.41316270566727603,0.36199095022624433,5.294332723948812,4.969835466179159,4.20127970749543,0.47757255936675463,15.838786279683376,379,Mo Williams,Charlotte Hornets,PG,G
2590,11.319148936170214,1.702127659574468,4.808510638297872,0.41316270566727603,0.36199095022624433,5.294332723948812,4.969835466179159,4.20127970749543,0.47757255936675463,15.838786279683376,379,Mo Williams,Minnesota Timberwolves,PG,G
2594,10.610169491525424,2.9310344827586206,3.864406779661017,0.48822269807280516,0.4913294797687861,0.29764453961456105,1.0498929336188436,4.985010706638116,0.41360294117647056,14.149448529411766,544,Kyle Korver,Atlanta Hawks,SG,G
2617,2.891891891891892,0.5,1.4324324324324325,0.4274193548387097,0.3333333333333333,0.21774193548387097,1.1596774193548387,3.828225806451613,0.5229885057471264,12.46264367816092,174,Udonis Haslem,Miami Heat,PF,F
2730,12.129032258064516,0.0,6.064516129032258,0.5766871165644172,0.0,0.9447852760736196,2.5079754601226996,2.3677914110429445,0.4934210526315789,9.503947368421052,304,Dwight Howard,Houston Rockets,C,C
2732,5.020833333333333,0.8055555555555556,2.2083333333333335,0.42570281124497994,0.35802469135802467,2.6867469879518073,3.389156626506024,3.9714859437751002,0.4065040650406504,16.991056910569107,123,Ben Gordon,Orlando Magic,SG,G
2733,4.836363636363636,0.0,2.418181818181818,0.5215686274509804,0.0,3.2901960784313724,3.7494117647058824,3.0388235294117645,0.41472868217054265,16.34922480620155,258,Shaun Livingston,Golden State Warriors,PG,G
2734,7.016666666666667,1.3389830508474576,2.85,0.4014084507042254,0.34497816593886466,3.2464788732394365,3.3661971830985915,5.018544600938967,0.410828025477707,16.49299363057325,314,Devin Harris,Dallas Mavericks,PG,G
2736,11.037735849056604,1.0961538461538463,4.981132075471698,0.4826325411334552,0.38,0.9488117001828154,1.8270566727605118,4.181352833638026,0.43155893536121676,15.427186311787072,526,Luol Deng,Miami Heat,SF,F
2738,6.428571428571429,0.9803921568627451,2.767857142857143,0.4599406528189911,0.34965034965034963,1.540059347181009,2.4715133531157267,4.977448071216617,0.4415204678362573,16.65877192982456,342,Andre Iguodala,Golden State Warriors,SF,F
2743,6.464285714285714,0.0,3.232142857142857,0.4725848563968668,0.0,0.33159268929503916,1.3663185378590077,4.67154046997389,0.4649350649350649,12.069870129870129,385,Kris Humphries,Washington Wizards,PF,F
2744,14.6,0.6666666666666666,7.28,0.4727272727272727,0.6666666666666666,0.7012987012987013,2.6646753246753248,3.0275324675324673,0.5072202166064982,10.30667870036101,554,Al Jefferson,Charlotte Hornets,C,C
2754,6.470588235294118,0.3,3.176470588235294,0.47093023255813954,0.25,1.0174418604651163,1.8011627906976744,3.5093023255813955,0.36038961038961037,15.813636363636364,308,Tony Allen,Memphis Grizzlies,SG,G
2757,6.333333333333333,0.37777777777777777,3.017543859649123,0.48863636363636365,0.22077922077922077,3.491477272727273,3.6150568181818183,4.395738636363636,0.4570552147239264,16.07668711656442,326,Beno Udrih,Memphis Grizzlies,PG,G
2772,10.583333333333334,2.216666666666667,4.183333333333334,0.37801204819277107,0.3275862068965517,0.8313253012048193,1.731325301204819,5.320331325301204,0.49256900212314225,15.84819532908705,471,Trevor Ariza,Houston Rockets,SF,F
101106,5.7272727272727275,0.0,2.8636363636363638,0.5526315789473685,0.0,0.7719298245614035,1.6412280701754385,3.074122807017544,0.3886255924170616,9.693838862559241,422,Andrew Bogut,Golden State Warriors,C,C
101107,5.836363636363636,1.0961538461538463,2.4,0.43853820598006643,0.34545454545454546,0.29900332225913623,1.168106312292359,5.832890365448505,0.4450704225352113,13.199718309859154,355,Marvin Williams,Charlotte Hornets,PF,F
101108,14.935483870967742,1.5161290322580645,6.709677419354839,0.4820393974507532,0.3790322580645161,6.027809965237544,6.037195828505215,4.600579374275783,0.4117647058823529,16.960446247464503,493,Chris Paul,Los Angeles Clippers,PG,G
101111,6.0476190476190474,1.435897435897436,2.357142857142857,0.4267241379310345,0.3888888888888889,0.38362068965517243,1.134051724137931,5.163793103448276,0.5,12.555633802816901,142,Charlie Villanueva,Dallas Mavericks,PF,F
101112,6.967213114754099,1.8833333333333333,2.557377049180328,0.3842364532019704,0.38175675675675674,0.22167487684729065,1.0847290640394087,5.688916256157635,0.5156017830609212,11.910846953937593,673,Channing Frye,Orlando Magic,PF,F
101114,10.022222222222222,1.2790697674418605,4.4,0.39285714285714285,0.35947712418300654,5.466269841269841,5.436309523809524,4.071825396825396,0.4520123839009288,16.895356037151704,323,Deron Williams,Brooklyn Nets,PG,G
101123,10.5,1.9137931034482758,4.293103448275862,0.40553745928338764,0.3490566037735849,1.716612377850163,2.5811074918566774,4.3910423452768725,0.46357615894039733,15.931788079470197,302,Gerald Green,Phoenix Suns,SG,G
101126,4.787878787878788,0.7741935483870968,2.0303030303030303,0.3489583333333333,0.26666666666666666,4.223958333333333,4.366666666666666,4.371354166666666,0.26595744680851063,18.131914893617022,94,Nate Robinson,Denver Nuggets,PG,G
101127,9.701754385964913,0.5555555555555556,4.631578947368421,0.4429530201342282,0.2358490566037736,5.521812080536913,5.493120805369128,3.9105704697986576,0.43953934740882916,16.65662188099808,521,Jarrett Jack,Brooklyn Nets,PG,G
101131,2.6842105263157894,0.0,1.3421052631578947,0.408,0.0,0.392,1.3432,3.3824,0.46153846153846156,11.12857142857143,182,Jason Maxiell,Charlotte Hornets,PF,F
101138,7.47457627118644,0.38461538461538464,3.694915254237288,0.47186147186147187,0.3333333333333333,0.7792207792207793,1.9861471861471862,3.601948051948052,0.4599483204134367,13.310335917312662,387,Brandon Bass,Boston Celtics,PF,F
101139,10.510204081632653,1.8979591836734695,4.3061224489795915,0.3822463768115942,0.3184931506849315,0.8206521739130435,1.5509057971014493,4.285869565217392,0.42857142857142855,16.697560975609754,287,CJ Miles,Indiana Pacers,SG,G
101145,16.161290322580644,1.1475409836065573,7.516129032258065,0.4498069498069498,0.30837004405286345,3.2606177606177607,3.971235521235521,4.302702702702703,0.4014466546112116,17.081374321880652,553,Monta Ellis,Dallas Mavericks,SG,G
101150,10.8,1.8983050847457628,4.466666666666667,0.4024024024024024,0.3404255319148936,4.076576576576577,4.627627627627628,4.1848348348348345,0.4232081911262799,16.411262798634812,293,Lou Williams,Toronto Raptors,SG,G
101161,7.862068965517241,0.5833333333333334,3.810344827586207,0.5785340314136126,0.4117647058823529,0.5366492146596858,1.4267015706806283,3.1222513089005237,0.47584973166368516,10.866905187835421,559,Amir Johnson,Toronto Raptors,PF,F
101162,9.934426229508198,0.0,4.967213114754099,0.5489130434782609,0.0,0.4927536231884058,1.695108695652174,3.3389492753623187,0.4343891402714932,10.092760180995475,663,Marcin Gortat,Washington Wizards,C,C
101179,4.186046511627907,0.7692307692307693,1.744186046511628,0.3472222222222222,0.2830188679245283,2.9212962962962963,3.525925925925926,4.396296296296296,0.4851063829787234,16.759999999999998,235,Ronnie Price,Los Angeles Lakers,PG,G
101181,8.073170731707316,1.394736842105263,3.3902439024390243,0.4124629080118694,0.39849624060150374,2.198813056379822,2.677151335311573,4.667062314540059,0.5570934256055363,16.104498269896194,289,Jose Calderon,New York Knicks,PG,G
101187,5.810344827586207,1.0178571428571428,2.413793103448276,0.43343653250773995,0.34545454545454546,1.3095975232198143,2.275232198142415,4.093498452012384,0.4543010752688172,16.006720430107528,372,Alan Anderson,Brooklyn Nets,SG,G
200746,17.865384615384617,0.6097560975609756,8.692307692307692,0.4435721295387635,0.373134328358209,1.2944062806673209,2.5197252208047103,4.109322865554465,0.4608150470219436,12.429467084639498,638,LaMarcus Aldridge,Portland Trail Blazers,PF,F
200752,14.781818181818181,1.06,6.909090909090909,0.4454865181711606,0.3419354838709677,2.730363423212192,3.699765533411489,3.578194607268464,0.427734375,16.3205078125,512,Rudy Gay,Sacramento Kings,SF,F
200755,12.224137931034482,2.293103448275862,4.9655172413793105,0.45641838351822506,0.41823899371069184,0.751188589540412,1.4169572107765451,5.111885895404121,0.4336842105263158,15.923578947368421,475,JJ Redick,Los Angeles Clippers,SG,G
200757,4.25,0.5428571428571428,1.9090909090909092,0.42424242424242425,0.2923076923076923,0.702020202020202,1.4994949494949494,4.503030303030303,0.38427947598253276,17.453275109170306,229,Thabo Sefolosha,Atlanta Hawks,SF,F
200761,5.681818181818182,1.3333333333333333,2.2045454545454546,0.4311111111111111,0.3971631205673759,0.24,1.1,5.703111111111111,0.47735191637630664,11.806968641114983,287,Shawne Williams,Detroit Pistons,SF,F
200761,5.681818181818182,1.3333333333333333,2.2045454545454546,0.4311111111111111,0.3971631205673759,0.24,1.1,5.703111111111111,0.47735191637630664,11.806968641114983,287,Shawne Williams,Miami Heat,SF,F
200768,13.982758620689655,1.706896551724138,6.137931034482759,0.41299303944315546,0.3183279742765273,5.176334106728539,5.319953596287704,3.8966357308584687,0.42234848484848486,15.676893939393938,528,Kyle Lowry,Toronto Raptors,PG,G
200770,4.361111111111111,1.0,1.6944444444444444,0.3935483870967742,0.3723404255319149,3.509677419354839,3.958064516129032,5.250967741935484,0.4228187919463087,15.687248322147651,149,Jordan Farmar,Los Angeles Clippers,PG,G
200782,7.189655172413793,1.105263157894737,3.0517241379310347,0.44696969696969696,0.34615384615384615,1.0378787878787878,1.8363636363636364,5.112878787878788,0.4406047516198704,15.417278617710583,463,P.J. Tucker,Phoenix Suns,SF,F
200794,12.661016949152541,1.0338983050847457,5.813559322033898,0.4679399727148704,0.35260115606936415,1.0545702592087312,2.0766712141882673,4.1686221009549795,0.46870653685674546,11.809874826147427,719,Paul Millsap,Atlanta Hawks,PF,F
200826,6.475409836065574,0.8490566037735849,2.8688524590163933,0.4196642685851319,0.3333333333333333,5.601918465227818,5.232134292565948,4.126858513189449,0.42916666666666664,16.458333333333332,240,J.J. Barea,Dallas Mavericks,PG,G
201143,13.421052631578947,0.34615384615384615,6.631578947368421,0.5407725321888412,0.3103448275862069,0.5436337625178826,1.8304721030042919,4.937482117310444,0.44919786096256686,10.354188948306595,561,Al Horford,Atlanta Hawks,C,C
201144,12.928571428571429,1.4642857142857142,5.732142857142857,0.44645340751043117,0.3867924528301887,4.300417246175243,4.3609179415855355,4.267732962447845,0.4626262626262626,16.795555555555556,495,Mike Conley,Memphis Grizzlies,PG,G
201145,11.392857142857142,1.1428571428571428,5.125,0.4195906432748538,0.3018867924528302,1.4912280701754386,2.4574561403508772,3.9630116959064323,0.4533898305084746,15.219491525423729,472,Jeff Green,Memphis Grizzlies,SF,F
201145,11.392857142857142,1.1428571428571428,5.125,0.4195906432748538,0.3018867924528302,1.4912280701754386,2.4574561403508772,3.9630116959064323,0.4533898305084746,15.219491525423729,472,Jeff Green,Boston Celtics,SF,F
201149,5.52,0.0,2.76,0.42857142857142855,0.0,0.4161490683229814,1.353726708074534,3.6034161490683227,0.420265780730897,12.99468438538206,602,Joakim Noah,Chicago Bulls,C,C
201150,6.038461538461538,0.9787234042553191,2.576923076923077,0.40853658536585363,0.3262411347517731,0.4969512195121951,1.5320121951219512,5.394512195121951,0.44412607449856734,11.501432664756447,349,Spencer Hawes,Los Angeles Clippers,PF,F
201152,11.74074074074074,0.5454545454545454,5.648148148148148,0.45864661654135336,0.3287671232876712,1.2225563909774435,2.396691729323308,3.6799999999999997,0.4806949806949807,12.817181467181468,518,Thaddeus Young,Brooklyn Nets,PF,F
201152,11.74074074074074,0.5454545454545454,5.648148148148148,0.45864661654135336,0.3287671232876712,1.2225563909774435,2.396691729323308,3.6799999999999997,0.4806949806949807,12.817181467181468,518,Thaddeus Young,Minnesota Timberwolves,PF,F
201155,9.903846153846153,0.75,4.634615384615385,0.45300751879699247,0.38823529411764707,3.3834586466165413,3.7404135338345865,3.8654135338345865,0.4463768115942029,16.3431884057971,345,Rodney Stuckey,Indiana Pacers,PG,G
201156,9.833333333333334,1.8333333333333333,4.0,0.3676148796498906,0.3615023474178404,2.8818380743982495,3.5216630196936545,3.488840262582057,0.38,16.488,200,Nick Young,Los Angeles Lakers,SG,G
201158,8.121951219512194,1.4102564102564104,3.3902439024390243,0.4371069182389937,0.3793103448275862,1.1823899371069182,1.8138364779874212,5.004402515723271,0.4946808510638298,15.545212765957446,188,Marco Belinelli,San Antonio Spurs,SG,G
201160,6.5423728813559325,0.5454545454545454,3.2203389830508473,0.4523809523809524,0.375,0.3333333333333333,1.5688095238095237,4.7161904761904765,0.458128078817734,13.604187192118227,406,Jason Smith,New York Knicks,C,C
201162,6.5964912280701755,1.1111111111111112,2.7719298245614037,0.4759036144578313,0.4,0.4186746987951807,1.255722891566265,5.679518072289157,0.4583333333333333,13.086388888888889,360,Jared Dudley,Milwaukee Bucks,SG,G
201163,11.448275862068966,1.7586206896551724,4.844827586206897,0.40431654676258993,0.3269230769230769,1.5266187050359712,2.391079136690647,4.108920863309352,0.42337164750957856,14.787164750957853,522,Wilson Chandler,Denver Nuggets,SF,F
201166,8.819672131147541,1.4482758620689655,3.721311475409836,0.4203703703703704,0.40384615384615385,5.522222222222222,5.051481481481482,3.6185185185185187,0.4470198675496689,15.632450331125828,302,Aaron Brooks,Chicago Bulls,PG,G
201167,11.275862068965518,1.4482758620689655,4.913793103448276,0.4292168674698795,0.340080971659919,1.7756024096385543,2.4477409638554217,3.937198795180723,0.40774487471526194,16.66378132118451,439,Arron Afflalo,Portland Trail Blazers,SG,G
201167,11.275862068965518,1.4482758620689655,4.913793103448276,0.4292168674698795,0.340080971659919,1.7756024096385543,2.4477409638554217,3.937198795180723,0.40774487471526194,16.66378132118451,439,Arron Afflalo,Denver Nuggets,SG,G
201171,5.64,0.0,2.82,0.5035714285714286,0.0,0.3821428571428571,1.7575,3.690714285714286,0.41064638783269963,13.022813688212928,263,Carl Landry,Sacramento Kings,PF,F
201175,3.375,0.0,1.6875,0.47093023255813954,0.0,0.5406976744186046,1.7837209302325583,3.7680232558139535,0.48554913294797686,11.370520231213872,173,Glen Davis,Los Angeles Clippers,PF,F
201188,13.133333333333333,0.14285714285714285,6.55,0.493099121706399,0.14285714285714285,0.8393977415307403,2.323839397741531,4.162986198243413,0.43577235772357725,9.411056910569107,615,Marc Gasol,Memphis Grizzlies,C,C
201196,3.5714285714285716,0.36363636363636365,1.6904761904761905,0.33490566037735847,0.24242424242424243,3.9056603773584904,4.143867924528302,3.792924528301887,0.48663101604278075,15.754545454545454,187,Ramon Sessions,Washington Wizards,PG,G
201196,3.5714285714285716,0.36363636363636365,1.6904761904761905,0.33490566037735847,0.24242424242424243,3.9056603773584904,4.143867924528302,3.792924528301887,0.48663101604278075,15.754545454545454,187,Ramon Sessions,Sacramento Kings,PG,G
201228,7.341463414634147,1.175,3.097560975609756,0.4261744966442953,0.3790322580645161,3.4194630872483223,3.639261744966443,4.764765100671141,0.40939597315436244,16.38489932885906,298,C.J. Watson,Indiana Pacers,PG,G
201564,9.267857142857142,1.3518518518518519,3.982142857142857,0.4099264705882353,0.35096153846153844,1.4558823529411764,2.1689338235294118,4.217830882352941,0.3884057971014493,16.966376811594202,345,O.J. Mayo,Milwaukee Bucks,SG,G
201565,14.978260869565217,1.5434782608695652,6.717391304347826,0.41145139813581894,0.29098360655737704,3.692410119840213,4.230226364846871,3.722769640479361,0.4373522458628842,14.572340425531916,423,Derrick Rose,Chicago Bulls,PG,G
201566,18.934782608695652,0.9347826086956522,9.0,0.43487394957983194,0.27388535031847133,5.090336134453781,5.21827731092437,3.61796218487395,0.44,16.92866666666667,300,Russell Westbrook,Oklahoma City Thunder,PG,G
201567,12.169491525423728,1.8245614035087718,5.203389830508475,0.4217032967032967,0.35738831615120276,0.6277472527472527,1.8723901098901097,4.496428571428572,0.4537177541729894,11.05887708649469,659,Kevin Love,Cleveland Cavaliers,PF,F
201568,7.023255813953488,1.3953488372093024,2.813953488372093,0.3611940298507463,0.32085561497326204,1.1223880597014926,2.37044776119403,4.573731343283582,0.45754716981132076,15.083490566037735,212,Danilo Gallinari,Denver Nuggets,SF,F
201571,7.816666666666666,1.0363636363636364,3.433333333333333,0.403921568627451,0.32386363636363635,5.976470588235294,5.512352941176471,3.9621568627450983,0.46920821114369504,16.75307917888563,341,D.J. Augustin,Oklahoma City Thunder,PG,G
201571,7.816666666666666,1.0363636363636364,3.433333333333333,0.403921568627451,0.32386363636363635,5.976470588235294,5.512352941176471,3.9621568627450983,0.46920821114369504,16.75307917888563,341,D.J. Augustin,Detroit Pistons,PG,G
201572,11.979591836734693,0.14285714285714285,5.979591836734694,0.4819078947368421,0.125,0.6776315789473685,1.9945723684210528,3.817927631578948,0.46808510638297873,9.784332688588007,517,Brook Lopez,Brooklyn Nets,C,C
201573,6.5344827586206895,0.6428571428571429,3.0344827586206895,0.44556962025316454,0.32142857142857145,3.5822784810126582,4.069873417721519,4.769367088607595,0.40816326530612246,15.864723032069971,343,Jerryd Bayless,Milwaukee Bucks,PG,G
201574,4.310344827586207,0.0,2.1551724137931036,0.44964028776978415,0.0,0.4748201438848921,1.420863309352518,3.9741007194244604,0.5032258064516129,11.838709677419354,465,Jason Thompson,Sacramento Kings,PF,F
201578,8.777777777777779,0.16666666666666666,4.37037037037037,0.49372384937238495,0.16666666666666666,0.39330543933054396,1.298326359832636,4.177196652719665,0.5155807365439093,8.973371104815865,353,Marreese Speights,Golden State Warriors,C,C
201579,8.327272727272728,0.0,4.163636363636364,0.4437984496124031,0.0,0.8352713178294574,2.4042635658914726,3.243798449612403,0.4079207920792079,9.446138613861386,505,Roy Hibbert,Indiana Pacers,C,C
201581,5.7254901960784315,0.0,2.8627450980392157,0.46794871794871795,0.0,0.5769230769230769,1.591025641025641,2.918269230769231,0.48947368421052634,12.370526315789474,380,JJ Hickson,Denver Nuggets,C,C
201582,5.5,0.0,2.75,0.599009900990099,0.0,0.40594059405940597,1.4688118811881188,3.6519801980198023,0.459915611814346,9.09957805907173,237,Alexis Ajinca,New Orleans Pelicans,C,C
201583,12.153846153846153,2.1153846153846154,5.019230769230769,0.4097331240188383,0.3416149068322981,0.7613814756671899,1.7990580847723705,4.785714285714286,0.49311926605504586,11.071100917431192,436,Ryan Anderson,New Orleans Pelicans,PF,F
201584,9.087719298245615,1.3454545454545455,3.8947368421052633,0.4713375796178344,0.43529411764705883,1.1358811040339702,1.854564755838641,4.720169851380042,0.4418103448275862,17.08125,464,Courtney Lee,Memphis Grizzlies,SG,G
201585,4.321428571428571,0.0,2.1607142857142856,0.5041666666666667,0.0,0.3958333333333333,1.23,3.2175000000000002,0.4380952380952381,9.474603174603175,315,Kosta Koufos,Memphis Grizzlies,C,C
201586,12.491803278688524,1.2881355932203389,5.622950819672131,0.4731034482758621,0.3877551020408163,0.2620689655172414,1.3717241379310345,4.950620689655172,0.4085750315258512,11.729382093316518,793,Serge Ibaka,Oklahoma City Thunder,PF,F
201587,7.865384615384615,1.25,3.3076923076923075,0.3891402714932127,0.2850877192982456,1.2873303167420815,2.0282805429864252,5.715837104072398,0.4066797642436149,14.482121807465617,509,Nicolas Batum,Portland Trail Blazers,SF,F
201589,6.0,0.6842105263157895,2.74,0.41389728096676737,0.26,0.2084592145015106,1.1,5.811480362537764,0.4576271186440678,12.675254237288135,295,Darrell Arthur,Denver Nuggets,PF,F
201595,2.4615384615384617,0.0,1.2307692307692308,0.5393258426966292,0.0,0.43820224719101125,1.4213483146067416,2.6247191011235955,0.44976076555023925,12.198086124401915,209,Joey Dorsey,Houston Rockets,PF,F
201596,7.711864406779661,0.8909090909090909,3.440677966101695,0.4027777777777778,0.2768361581920904,3.3333333333333335,3.463888888888889,4.161904761904761,0.4083769633507853,15.899214659685864,382,Mario Chalmers,Miami Heat,PG,G
201599,8.35483870967742,0.0,4.17741935483871,0.7194444444444444,0.0,0.17222222222222222,0.8322222222222223,2.936666666666667,0.4753246753246753,10.605844155844157,770,DeAndre Jordan,Los Angeles Clippers,C,C
201600,5.157894736842105,0.0,2.5789473684210527,0.506896551724138,0.0,0.20344827586206896,1.1586206896551725,2.363103448275862,0.4915254237288136,9.120338983050848,590,Omer Asik,New Orleans Pelicans,C,C
201601,8.09433962264151,0.7647058823529411,3.6792452830188678,0.4096638655462185,0.2785714285714286,0.9348739495798319,1.9466386554621848,4.627941176470588,0.4178794178794179,12.544906444906445,481,Luc Mbah a Moute,Philadelphia 76ers,PF,F
201609,13.813559322033898,1.2456140350877194,6.305084745762712,0.5013477088948787,0.35678391959798994,2.8450134770889486,3.234905660377359,4.120485175202156,0.43722943722943725,14.551515151515153,462,Goran Dragic,Miami Heat,SG-PG,G
201609,13.813559322033898,1.2456140350877194,6.305084745762712,0.5013477088948787,0.35678391959798994,2.8450134770889486,3.234905660377359,4.120485175202156,0.43722943722943725,14.551515151515153,462,Goran Dragic,Phoenix Suns,SG-PG,G
201627,8.075471698113208,1.5,3.30188679245283,0.43424317617866004,0.38613861386138615,0.7369727047146402,1.4488833746898262,4.570719602977667,0.4311594202898551,15.84963768115942,276,Anthony Morrow,Oklahoma City Thunder,SG,G
201933,17.098039215686274,0.5333333333333333,8.470588235294118,0.5,0.38095238095238093,1.193287037037037,2.458680555555556,4.663773148148148,0.4536256323777403,13.73946037099494,593,Blake Griffin,Los Angeles Clippers,PF,F
201935,18.203389830508474,2.5762711864406778,7.813559322033898,0.44713870029097963,0.38095238095238093,4.934044616876819,5.735305528612997,3.7590688651794375,0.4375,15.495439189189188,592,James Harden,Houston Rockets,SG,G
201936,13.6,0.8421052631578947,6.4,0.43291995490417134,0.2891566265060241,4.6516347237880495,5.1875986471251405,3.5128523111612178,0.45956607495069035,15.103550295857989,507,Tyreke Evans,New Orleans Pelicans,SG,G
201939,19.155172413793103,3.2241379310344827,7.9655172413793105,0.48580441640378547,0.41648106904231624,3.7276550998948474,3.935751840168244,4.495478443743428,0.3945841392649903,15.921663442940039,517,Stephen Curry,Golden State Warriors,PG,G
201941,9.727272727272727,0.25,4.8545454545454545,0.45797598627787306,0.25,0.5111492281303602,1.9704974271012006,4.440994854202401,0.5107084019769358,9.142504118616145,607,Jordan Hill,Los Angeles Lakers,C,C
201943,11.951219512195122,1.8461538461538463,5.097560975609756,0.4003831417624521,0.3564356435643564,5.827586206896552,5.39272030651341,4.127586206896551,0.4470588235294118,15.83450980392157,255,Brandon Jennings,Detroit Pistons,PG,G
201945,8.982456140350877,0.625,4.228070175438597,0.4358047016274864,0.3191489361702128,1.8716094032549728,2.6209764918625678,3.9688969258589517,0.4072164948453608,17.66778350515464,388,Gerald Henderson,Charlotte Hornets,SG,G
201946,2.2142857142857144,0.2,1.0952380952380953,0.46938775510204084,0.14285714285714285,0.24489795918367346,1.139795918367347,2.843877551020408,0.5245901639344263,10.202732240437157,183,Tyler Hansbrough,Toronto Raptors,PF,F
201949,7.755102040816326,0.38461538461538464,3.7755102040816326,0.6187290969899666,0.2564102564102564,1.9030100334448161,2.6882943143812708,3.494314381270903,0.4146341463414634,15.266937669376693,369,James Johnson,Toronto Raptors,PF,F
201950,13.135135135135135,1.3142857142857143,5.945945945945946,0.44715447154471544,0.3709677419354839,5.266260162601626,5.228455284552846,3.971138211382114,0.43376623376623374,16.323896103896104,385,Jrue Holiday,New Orleans Pelicans,PG,G
201951,11.327586206896552,1.0576923076923077,5.189655172413793,0.4330935251798561,0.34810126582278483,5.250359712230216,5.428920863309353,4.38,0.4641255605381166,15.84304932735426,446,Ty Lawson,Denver Nuggets,PG,G
201952,12.2,1.0576923076923077,5.6,0.4597014925373134,0.32934131736526945,5.641791044776119,5.504029850746268,4.303283582089552,0.3951219512195122,18.045121951219514,410,Jeff Teague,Atlanta Hawks,PG,G
201954,12.688888888888888,1.4390243902439024,5.688888888888889,0.4758364312267658,0.3782051282051282,4.684014869888476,4.93457249070632,4.254832713754647,0.4393939393939394,16.117316017316018,462,Darren Collison,Sacramento Kings,PG,G
201956,5.204545454545454,0.3181818181818182,2.522727272727273,0.47844827586206895,0.21875,1.3232758620689655,2.0482758620689654,3.3577586206896552,0.45161290322580644,14.03494623655914,186,Omri Casspi,Sacramento Kings,SF,F
201959,7.877551020408164,0.0,3.938775510204082,0.48984771573604063,0.0,0.6015228426395939,1.835532994923858,2.6961928934010153,0.43908045977011495,12.938850574712642,435,Taj Gibson,Chicago Bulls,PF,F
201960,9.711538461538462,1.6346153846153846,4.038461538461538,0.46770601336302897,0.39351851851851855,0.8930957683741648,1.6498886414253897,4.729175946547884,0.43636363636363634,15.976565656565656,495,DeMarre Carroll,Atlanta Hawks,SF,F
201961,8.235294117647058,1.183673469387755,3.549019607843137,0.42890995260663506,0.3515151515151515,1.9928909952606635,2.614218009478673,4.327488151658768,0.41214057507987223,17.778274760383386,313,Wayne Ellington,Los Angeles Lakers,SG,G
201967,4.911111111111111,0.3333333333333333,2.4444444444444446,0.45643153526970953,0.3333333333333333,0.21991701244813278,1.0784232365145228,4.740248962655602,0.4673202614379085,12.848366013071896,306,Dante Cunningham,New Orleans Pelicans,PF,F
201973,4.82,0.8409090909090909,2.04,0.46153846153846156,0.40217391304347827,0.4660633484162896,1.3199095022624434,5.243438914027149,0.42379182156133827,13.662081784386617,269,Jonas Jerebko,Boston Celtics,PF,F
201973,4.82,0.8409090909090909,2.04,0.46153846153846156,0.40217391304347827,0.4660633484162896,1.3199095022624434,5.243438914027149,0.42379182156133827,13.662081784386617,269,Jonas Jerebko,Detroit Pistons,PF,F
201976,9.27659574468085,2.0851063829787235,3.595744680851064,0.378076062639821,0.358974358974359,2.4876957494407157,3.060850111856823,5.204474272930649,0.4553072625698324,15.105865921787709,358,Patrick Beverley,Houston Rockets,PG,G
201977,6.883720930232558,1.3157894736842106,2.86046511627907,0.4006514657980456,0.3968253968253968,1.8599348534201954,2.282084690553746,3.8833876221498373,0.44,16.1984,125,Marcus Thornton,Phoenix Suns,SG,G
201977,6.883720930232558,1.3157894736842106,2.86046511627907,0.4006514657980456,0.3968253968253968,1.8599348534201954,2.282084690553746,3.8833876221498373,0.44,16.1984,125,Marcus Thornton,Boston Celtics,SG,G
201978,3.8863636363636362,0.6410256410256411,1.6590909090909092,0.37435897435897436,0.3424657534246575,0.48205128205128206,1.202051282051282,4.225128205128205,0.5,14.94679487179487,156,Chase Budinger,Minnesota Timberwolves,SF,F
201980,10.084745762711865,2.2542372881355934,3.9152542372881354,0.4261992619926199,0.39349112426035504,0.7675276752767528,1.4625461254612546,5.096125461254612,0.4173076923076923,14.697692307692307,520,Danny Green,San Antonio Spurs,SG,G
202066,4.515151515151516,1.0740740740740742,1.8181818181818181,0.3870967741935484,0.3670886075949367,1.1483870967741936,1.8490322580645162,5.372903225806452,0.4418604651162791,18.534302325581397,172,Garrett Temple,Washington Wizards,SG,G
202083,13.94915254237288,2.8793103448275863,5.559322033898305,0.44808743169398907,0.38657407407407407,1.1980874316939891,2.13620218579235,4.860109289617486,0.41200828157349895,16.6407867494824,483,Wesley Matthews,Portland Trail Blazers,SG,G
202087,3.7222222222222223,0.7142857142857143,1.7222222222222223,0.4881889763779528,0.47619047619047616,1.5118110236220472,2.1858267716535433,4.018110236220473,0.35185185185185186,16.859259259259257,108,Alonzo Gee,Portland Trail Blazers,SF,F
202087,3.7222222222222223,0.7142857142857143,1.7222222222222223,0.4881889763779528,0.47619047619047616,1.5118110236220472,2.1858267716535433,4.018110236220473,0.35185185185185186,16.859259259259257,108,Alonzo Gee,Denver Nuggets,SF,F
202322,13.147540983606557,0.7857142857142857,6.213114754098361,0.44379391100702575,0.27672955974842767,5.652224824355972,5.650351288056205,4.4990632318501165,0.4291497975708502,16.53663967611336,494,John Wall,Washington Wizards,PG,G
202323,7.016949152542373,0.5333333333333333,3.305084745762712,0.40540540540540543,0.2857142857142857,3.8794178794178795,4.261954261954262,3.925987525987526,0.4158004158004158,14.465488565488565,481,Evan Turner,Boston Celtics,SG,G
202324,12.571428571428571,0.0,6.285714285714286,0.5415384615384615,0.0,0.5953846153846154,1.7555384615384615,3.105076923076923,0.42710120068610635,10.639622641509433,583,Derrick Favors,Utah Jazz,PF,F
202325,8.089285714285714,1.2321428571428572,3.4285714285714284,0.4155844155844156,0.3689839572192513,0.7683982683982684,1.626839826839827,4.78030303030303,0.486810551558753,14.307194244604318,417,Wesley Johnson,Los Angeles Lakers,SF,F
202326,15.644444444444444,0.6666666666666666,7.8,0.46367239101717306,0.6666666666666666,1.1505944517833553,2.6233817701453104,3.4158520475561427,0.45904761904761904,9.413714285714285,525,DeMarcus Cousins,Sacramento Kings,C,C
202328,11.413793103448276,0.0,5.706896551724138,0.4947683109118087,0.0,1.2735426008968609,2.8566517189835574,2.3965620328849027,0.483704974271012,11.183533447684392,583,Greg Monroe,Detroit Pistons,PF,F
202329,4.518518518518518,0.6341463414634146,2.0185185185185186,0.42578125,0.2736842105263158,0.49609375,1.3890625,4.99140625,0.43902439024390244,13.919163763066203,287,Al-Farouq Aminu,Dallas Mavericks,SF,F
202330,14.083333333333334,1.55,6.266666666666667,0.44549763033175355,0.36186770428015563,2.9928909952606637,3.5622037914691944,4.5374407582938385,0.44711538461538464,14.842307692307692,416,Gordon Hayward,Utah Jazz,SF,F
202332,4.684210526315789,0.0,2.3421052631578947,0.4810810810810811,0.0,0.5297297297297298,1.7951351351351352,2.6675675675675676,0.5325670498084292,9.360536398467433,261,Cole Aldrich,New York Knicks,C,C
202334,6.724137931034483,0.0,3.3620689655172415,0.5945121951219512,0.0,0.3780487804878049,1.2829268292682927,2.1929878048780487,0.48554913294797686,11.342967244701349,519,Ed Davis,Los Angeles Lakers,PF,F
202335,7.491525423728813,1.5,3.0338983050847457,0.4601542416452442,0.3981042654028436,0.5115681233933161,1.1688946015424164,5.530848329048843,0.4393305439330544,13.018619246861924,478,Patrick Patterson,Toronto Raptors,PF,F
202337,4.780487804878049,1.368421052631579,1.7560975609756098,0.4675324675324675,0.5098039215686274,0.564935064935065,1.4350649350649352,6.0123376623376625,0.48623853211009177,14.161926605504588,218,Luke Babbitt,New Orleans Pelicans,SF,F
202338,5.689655172413793,0.0,2.8448275862068964,0.5076923076923077,0.0,0.8830769230769231,2.4476923076923076,3.4092307692307693,0.45993031358885017,10.071428571428571,287,Kevin Seraphin,Washington Wizards,C,C
202339,12.311475409836065,1.1016949152542372,5.622950819672131,0.45310435931307796,0.33163265306122447,4.562747688243065,4.825363276089829,4.468428005284015,0.43217665615141954,15.438958990536277,634,Eric Bledsoe,Phoenix Suns,PG,G
202340,12.60344827586207,1.6181818181818182,5.5344827586206895,0.4349593495934959,0.36475409836065575,1.456639566395664,1.8685636856368564,4.394173441734417,0.43908045977011495,16.52505747126437,435,Avery Bradley,Boston Celtics,SG,G
202344,5.842105263157895,0.5588235294117647,2.754385964912281,0.4937106918238994,0.3333333333333333,0.6729559748427673,1.6584905660377358,4.232704402515723,0.39661016949152544,15.033220338983051,295,Trevor Booker,Utah Jazz,PF,F
202349,8.737704918032787,1.5245901639344261,3.6065573770491803,0.41044776119402987,0.372,3.3656716417910446,3.7486940298507463,4.698880597014925,0.46601941747572817,15.646278317152102,309,Greivis Vasquez,Toronto Raptors,PG,G
202362,7.044444444444444,0.37142857142857144,3.3777777777777778,0.36018957345971564,0.14942528735632185,2.981042654028436,3.5907582938388622,4.114218009478673,0.4306569343065693,15.81240875912409,274,Lance Stephenson,Charlotte Hornets,SG,G
202366,3.1724137931034484,0.0,1.5862068965517242,0.5411764705882353,0.0,0.35294117647058826,1.1811764705882353,2.6447058823529415,0.4915254237288136,7.706779661016949,118,Jerome Jordan,Brooklyn Nets,C,C
202388,7.9,1.0810810810810811,3.45,0.41194029850746267,0.3225806451612903,5.534328358208955,5.326268656716418,3.4379104477611944,0.4808362369337979,15.301742160278748,287,Donald Sloan,Indiana Pacers,PG,G
202389,7.080645161290323,0.3333333333333333,3.532258064516129,0.543424317617866,0.25,0.34987593052109184,1.3535980148883375,3.304466501240695,0.48833592534992226,10.630637636080872,643,Timofey Mozgov,Cleveland Cavaliers,C,C
202389,7.080645161290323,0.3333333333333333,3.532258064516129,0.543424317617866,0.25,0.34987593052109184,1.3535980148883375,3.304466501240695,0.48833592534992226,10.630637636080872,643,Timofey Mozgov,Denver Nuggets,C,C
202390,7.63265306122449,1.0212765957446808,3.326530612244898,0.36629213483146067,0.3037974683544304,2.555056179775281,3.1773033707865173,3.695056179775281,0.4790697674418605,15.733488372093023,215,Gary Neal,Minnesota Timberwolves,SG,G
202390,7.63265306122449,1.0212765957446808,3.326530612244898,0.36629213483146067,0.3037974683544304,2.555056179775281,3.1773033707865173,3.695056179775281,0.4790697674418605,15.733488372093023,215,Gary Neal,Charlotte Hornets,SG,G
202391,8.169491525423728,0.9629629629629629,3.6440677966101696,0.42828685258964144,0.3586206896551724,4.649402390438247,5.093227091633467,3.7346613545816734,0.4641350210970464,14.064978902953587,474,Jeremy Lin,Los Angeles Lakers,PG,G
202681,16.526315789473685,1.9298245614035088,7.298245614035087,0.4581497797356828,0.3914590747330961,5.1938325991189425,5.290088105726872,3.619273127753304,0.4262295081967213,15.263752276867029,549,Kyrie Irving,Cleveland Cavaliers,PG,G
202682,5.6521739130434785,0.5853658536585366,2.5652173913043477,0.4338235294117647,0.3,0.9485294117647058,1.8323529411764705,4.149264705882352,0.48760330578512395,15.833471074380164,242,Derrick Williams,Sacramento Kings,PF,F
202683,11.327272727272728,0.52,5.545454545454546,0.49755301794453505,0.325,0.46166394779771613,1.6411092985318108,3.5680261011419248,0.49206349206349204,11.904761904761905,567,Enes Freedom,Oklahoma City Thunder,C,C
202683,11.327272727272728,0.52,5.545454545454546,0.49755301794453505,0.325,0.46166394779771613,1.6411092985318108,3.5680261011419248,0.49206349206349204,11.904761904761905,567,Enes Freedom,Utah Jazz,C,C
202684,6.548387096774194,0.0,3.274193548387097,0.5516304347826086,0.0,0.47282608695652173,1.3442934782608695,2.7108695652173913,0.4683760683760684,11.321367521367522,585,Tristan Thompson,Cleveland Cavaliers,PF,F
202685,8.533333333333333,0.0,4.266666666666667,0.5565217391304348,0.0,0.7304347826086957,2.142608695652174,2.8206521739130435,0.5037593984962406,9.181578947368422,532,Jonas Valanciunas,Toronto Raptors,C,C
202687,3.8125,0.0,1.90625,0.5648148148148148,0.0,0.3333333333333333,1.4101851851851852,2.3555555555555556,0.4110169491525424,9.134745762711866,236,Bismack Biyombo,Charlotte Hornets,C,C
202688,13.862068965517242,2.0344827586206895,5.913793103448276,0.42661691542288555,0.4,4.900497512437811,4.522139303482588,4.49589552238806,0.43628509719222464,16.906263498920087,463,Brandon Knight,Phoenix Suns,PG-SG,G
202688,13.862068965517242,2.0344827586206895,5.913793103448276,0.42661691542288555,0.4,4.900497512437811,4.522139303482588,4.49589552238806,0.43628509719222464,16.906263498920087,463,Brandon Knight,Milwaukee Bucks,PG-SG,G
202689,14.357142857142858,1.5853658536585367,6.404761904761905,0.397341211225997,0.32338308457711445,5.062038404726736,5.000147710487444,3.8719350073855248,0.4269005847953216,16.052046783625734,513,Kemba Walker,Charlotte Hornets,PG,G
202690,3.2972972972972974,0.32,1.5405405405405406,0.3825503355704698,0.18181818181818182,3.1543624161073827,3.434228187919463,4.700671140939598,0.4260869565217391,14.534782608695652,115,Jimmer Fredette,New Orleans Pelicans,PG,G
202691,18.155172413793103,3.0701754385964914,7.568965517241379,0.4616193480546793,0.43532338308457713,1.6214511041009463,2.331650893796004,4.176130389064143,0.41291585127201563,16.381996086105676,511,Klay Thompson,Golden State Warriors,SG,G
202693,12.96774193548387,0.8070175438596491,6.112903225806452,0.4679012345679012,0.32167832167832167,0.9209876543209876,2.123456790123457,4.118024691358024,0.45,11.787413793103449,580,Markieff Morris,Phoenix Suns,PF,F
202694,9.016129032258064,1.4406779661016949,3.8225806451612905,0.45229007633587787,0.3953488372093023,1.3740458015267176,2.213167938931298,4.742557251908397,0.4449760765550239,14.305023923444976,418,Marcus Morris Sr.,Phoenix Suns,PF,F
202695,11.80952380952381,1.05,5.404761904761905,0.4495049504950495,0.32061068702290074,1.9861386138613861,2.852079207920792,4.307920792079208,0.4355300859598854,14.183094555873925,349,Kawhi Leonard,San Antonio Spurs,SF,F
202696,16.071428571428573,0.6666666666666666,8.017857142857142,0.5257611241217799,0.6666666666666666,0.7482435597189696,1.7879391100702577,3.743559718969555,0.4853801169590643,10.332602339181287,684,Nikola Vucevic,Orlando Magic,C,C
202699,12.961538461538462,1.0980392156862746,5.9423076923076925,0.44847605224963716,0.35443037974683544,1.4310595065312046,2.337010159651669,3.927721335268505,0.4472049689440994,14.469151138716358,483,Tobias Harris,Orlando Magic,SF,F
202700,10.23728813559322,0.7755102040816326,4.796610169491525,0.5089928057553957,0.36538461538461536,0.814748201438849,1.926798561151079,3.856654676258993,0.46760070052539404,11.826269702276708,571,Donatas Motiejunas,Houston Rockets,PF,F
202702,8.589285714285714,0.2,4.285714285714286,0.4897959183673469,0.2,0.7428571428571429,1.7624489795918368,2.7479591836734696,0.4654471544715447,12.991463414634147,492,Kenneth Faried,Denver Nuggets,PF,F
202703,6.236363636363636,1.150943396226415,2.5636363636363635,0.40285714285714286,0.34269662921348315,0.7485714285714286,1.7605714285714287,5.155142857142857,0.4876543209876543,11.88641975308642,324,Nikola Mirotic,Chicago Bulls,PF,F
202704,10.763636363636364,0.8679245283018868,4.963636363636364,0.42260061919504643,0.26744186046511625,5.354489164086687,5.3427244582043345,4.044427244582043,0.4461538461538462,15.725714285714286,455,Reggie Jackson,Detroit Pistons,PG,G
202704,10.763636363636364,0.8679245283018868,4.963636363636364,0.42260061919504643,0.26744186046511625,5.354489164086687,5.3427244582043345,4.044427244582043,0.4461538461538462,15.725714285714286,455,Reggie Jackson,Oklahoma City Thunder,PG,G
202708,5.9245283018867925,0.6382978723404256,2.6792452830188678,0.3955431754874652,0.25210084033613445,2.6740947075208914,3.084679665738162,4.457103064066852,0.4,16.459607843137253,255,Norris Cole,New Orleans Pelicans,PG,G
202708,5.9245283018867925,0.6382978723404256,2.6792452830188678,0.3955431754874652,0.25210084033613445,2.6740947075208914,3.084679665738162,4.457103064066852,0.4,16.459607843137253,255,Norris Cole,Miami Heat,PG,G
202709,6.25,0.4444444444444444,3.017857142857143,0.5044776119402985,0.34285714285714286,3.970149253731343,3.8059701492537314,3.4167164179104477,0.39378238341968913,14.778756476683938,386,Cory Joseph,San Antonio Spurs,PG,G
202710,13.781818181818181,1.0740740740740742,6.363636363636363,0.4581151832460733,0.3493975903614458,1.4882198952879582,2.570287958115183,4.053141361256545,0.4805914972273567,14.604621072088726,541,Jimmy Butler,Chicago Bulls,SG,G
202711,6.12962962962963,0.9215686274509803,2.6296296296296298,0.4115942028985507,0.2919254658385093,1.1217391304347826,1.7608695652173914,4.904057971014493,0.3954983922829582,16.909324758842445,311,Bojan Bogdanovic,Brooklyn Nets,SF,F
202713,6.166666666666667,1.3559322033898304,2.4166666666666665,0.39509536784741145,0.4,0.9046321525885559,1.6544959128065397,5.047956403269755,0.4307692307692308,14.56131868131868,455,Kyle Singler,Oklahoma City Thunder,SF,F
202713,6.166666666666667,1.3559322033898304,2.4166666666666665,0.39509536784741145,0.4,0.9046321525885559,1.6544959128065397,5.047956403269755,0.4307692307692308,14.56131868131868,455,Kyle Singler,Detroit Pistons,SF,F
202718,12.907407407407407,1.9814814814814814,5.462962962962963,0.4490106544901065,0.37943262411347517,1.2526636225266363,2.2409436834094367,4.370928462709284,0.43609022556390975,15.5062656641604,399,Chandler Parsons,Dallas Mavericks,SF,F
202720,4.607843137254902,0.3181818181818182,2.235294117647059,0.44881889763779526,0.25925925925925924,0.44881889763779526,1.4476377952755906,4.2133858267716535,0.4517543859649123,11.815350877192984,228,Jon Leuer,Memphis Grizzlies,PF,F
202730,5.2727272727272725,0.0,2.6363636363636362,0.4773662551440329,0.0,0.26337448559670784,1.1349794238683129,4.803703703703704,0.44481605351170567,10.537458193979932,299,Lavoy Allen,Indiana Pacers,C,C
202738,11.30188679245283,1.7884615384615385,4.773584905660377,0.41475409836065574,0.36904761904761907,3.962295081967213,4.217540983606557,3.8452459016393443,0.42394822006472493,17.15631067961165,309,Isaiah Thomas,Boston Celtics,PG,G
202738,11.30188679245283,1.7884615384615385,4.773584905660377,0.41475409836065574,0.36904761904761907,3.962295081967213,4.217540983606557,3.8452459016393443,0.42394822006472493,17.15631067961165,309,Isaiah Thomas,Phoenix Suns,PG,G
202962,2.1481481481481484,0.0,1.0740740740740742,0.6304347826086957,0.0,0.17391304347826086,1.0804347826086957,2.6739130434782608,0.46616541353383456,11.497744360902256,133,Greg Smith,Dallas Mavericks,PF,F
203076,17.979591836734695,0.16666666666666666,8.979591836734693,0.5452292441140025,0.14285714285714285,0.5551425030978935,1.9315985130111524,3.7646840148698884,0.3993174061433447,11.419624573378838,586,Anthony Davis,New Orleans Pelicans,PF,F
203077,7.906976744186046,0.0,3.953488372093023,0.4696132596685083,0.0,1.3066298342541436,1.9392265193370166,3.3193370165745852,0.4416961130742049,15.14381625441696,283,Michael Kidd-Gilchrist,Charlotte Hornets,SF,F
203078,12.454545454545455,1.7209302325581395,5.386363636363637,0.4143356643356643,0.4157303370786517,1.8111888111888113,2.434965034965035,4.656293706293707,0.4584450402144772,15.967024128686326,373,Bradley Beal,Washington Wizards,SG,G
203081,16.25423728813559,2.3220338983050848,6.966101694915254,0.42590673575129534,0.3301204819277108,5.019689119170985,5.166943005181348,4.146321243523316,0.4288256227758007,15.595195729537366,562,Damian Lillard,Portland Trail Blazers,PG,G
203082,9.19672131147541,1.75,3.737704918032787,0.41229656419529837,0.3763440860215054,1.5009041591320071,2.1719710669077754,4.478481012658228,0.48123620309050774,15.172406181015454,453,Terrence Ross,Toronto Raptors,SF,F
203083,10.166666666666666,0.0,5.083333333333333,0.5066445182724253,0.0,0.6112956810631229,1.6,2.549501661129568,0.4835924006908463,9.573056994818653,579,Andre Drummond,Detroit Pistons,C,C
203084,8.689655172413794,1.1228070175438596,3.793103448275862,0.48672566371681414,0.42105263157894735,0.9092920353982301,1.7955752212389382,5.304203539823009,0.4611764705882353,14.129176470588234,425,Harrison Barnes,Golden State Warriors,SF,F
203087,5.945945945945946,1.0588235294117647,2.4864864864864864,0.41818181818181815,0.36363636363636365,2.2227272727272727,2.8640909090909092,4.217272727272727,0.39156626506024095,16.739156626506023,166,Jeremy Lamb,Oklahoma City Thunder,SG,G
203089,6.4186046511627906,0.0,3.2093023255813953,0.5872340425531914,0.0,0.5361702127659574,1.5093617021276595,2.6612765957446807,0.41479099678456594,9.103536977491961,311,John Henson,Milwaukee Bucks,C,C
203092,7.551724137931035,0.0,3.7758620689655173,0.5461346633416458,0.0,0.40648379052369077,1.401496259351621,2.975311720698254,0.4528301886792453,8.801132075471699,530,Tyler Zeller,Boston Celtics,C,C
203095,9.910714285714286,1.4107142857142858,4.25,0.44155844155844154,0.3761904761904762,2.070500927643785,2.6777365491651204,4.733395176252319,0.46621621621621623,15.563175675675675,296,Evan Fournier,Orlando Magic,SG,G
203096,11.980392156862745,1.0,5.509803921568627,0.4411302982731554,0.28994082840236685,0.7849293563579278,1.9654631083202512,4.257770800627943,0.4547244094488189,11.098228346456692,508,Jared Sullinger,Boston Celtics,PF,F
203110,9.327586206896552,1.4210526315789473,3.9655172413793105,0.4331450094161959,0.3347107438016529,0.4274952919020716,1.2387947269303201,5.013559322033898,0.4024556616643929,12.544201909959073,733,Draymond Green,Golden State Warriors,PF,F
203112,4.75,0.47619047619047616,2.2708333333333335,0.4780701754385965,0.29411764705882354,0.3684210526315789,1.631578947368421,4.735087719298245,0.424812030075188,13.060526315789474,266,Quincy Acy,New York Knicks,PF,F
203114,10.12280701754386,1.1607142857142858,4.491228070175438,0.4714548802946593,0.3987730061349693,1.1841620626151013,1.9268876611418047,4.607550644567219,0.3765586034912718,16.30498753117207,401,Khris Middleton,Milwaukee Bucks,SF,F
203118,6.258620689655173,1.0,2.6724137931034484,0.43661971830985913,0.3581081081081081,0.3211267605633803,1.2247887323943663,4.793239436619718,0.41706161137440756,14.379620853080569,211,Mike Scott,Atlanta Hawks,PF,F
203123,3.8205128205128207,0.7142857142857143,1.5897435897435896,0.33695652173913043,0.25510204081632654,0.8369565217391305,1.7929347826086954,5.510326086956522,0.4304932735426009,12.27982062780269,223,Kostas Papanikolaou,Houston Rockets,SF,F
203124,5.225,0.4074074074074074,2.475,0.4900990099009901,0.28205128205128205,0.42574257425742573,1.7183168316831685,4.682178217821782,0.4411764705882353,10.518067226890757,238,Kyle O'Quinn,Orlando Magic,PF,F
203133,4.066666666666666,0.4166666666666667,1.8666666666666667,0.47863247863247865,0.29411764705882354,0.46153846153846156,1.1282051282051282,5.376923076923077,0.42613636363636365,12.991477272727273,176,Robbie Hummel,Minnesota Timberwolves,SF,F
203135,3.7254901960784315,0.0,1.8627450980392157,0.41304347826086957,0.0,0.7652173913043478,2.1917391304347826,3.858260869565217,0.4886731391585761,10.41747572815534,309,Robert Sacre,Los Angeles Lakers,C,C
203138,6.88,1.5,2.72,0.4035608308605341,0.3829787234042553,0.6735905044510386,1.3516320474777448,4.805341246290801,0.425531914893617,16.37355623100304,329,Hollis Thompson,Philadelphia 76ers,SG,G
203141,7.475,1.564102564102564,2.975,0.38762214983713356,0.3279569892473118,0.5928338762214984,1.3951140065146581,4.7947882736156355,0.4574468085106383,11.922695035460992,282,Mirza Teletovic,Brooklyn Nets,PF,F
203142,6.525,1.2564102564102564,2.65,0.36054421768707484,0.3161290322580645,1.153061224489796,2.1357142857142857,4.088775510204082,0.4396135265700483,14.737681159420289,207,Chris Copeland,Indiana Pacers,SF,F
203143,3.9545454545454546,0.9545454545454546,1.5,0.39520958083832336,0.34146341463414637,1.9341317365269461,2.50059880239521,5.607185628742515,0.4497354497354497,16.754497354497353,189,Pablo Prigioni,Houston Rockets,PG,G
203143,3.9545454545454546,0.9545454545454546,1.5,0.39520958083832336,0.34146341463414637,1.9341317365269461,2.50059880239521,5.607185628742515,0.4497354497354497,16.754497354497353,189,Pablo Prigioni,New York Knicks,PG,G
203145,4.434782608695652,0.8571428571428571,1.891304347826087,0.435,0.4,1.555,2.1825,5.095,0.4649122807017544,16.224122807017544,228,Kent Bazemore,Atlanta Hawks,SG,G
203148,5.593220338983051,0.8275862068965517,2.389830508474576,0.3960674157303371,0.3287671232876712,3.345505617977528,3.649438202247191,4.725,0.4219858156028369,16.30673758865248,282,Brian Roberts,Charlotte Hornets,PG,G
203156,6.677966101694915,0.4,3.305084745762712,0.4802955665024631,0.23529411764705882,0.21674876847290642,1.3539408866995075,4.228571428571429,0.4985507246376812,11.015072463768115,345,Henry Sims,Philadelphia 76ers,C,C
203382,5.653061224489796,0.25,2.816326530612245,0.549800796812749,0.25,0.2151394422310757,1.1366533864541832,3.0920318725099603,0.44256756756756754,9.271283783783785,296,Aron Baynes,San Antonio Spurs,C,C
203457,6.56140350877193,0.0,3.280701754385965,0.44418052256532065,0.0,0.5866983372921615,1.51353919239905,3.3192399049881236,0.4956521739130435,9.756347826086955,575,Nerlens Noel,Philadelphia 76ers,C,C
203458,5.293103448275862,0.3333333333333333,2.6379310344827585,0.5257731958762887,0.3333333333333333,0.2268041237113402,1.2512027491408935,3.4395189003436424,0.44716981132075473,8.465283018867925,530,Alex Len,Phoenix Suns,C,C
203459,3.193548387096774,0.84,1.2580645161290323,0.42391304347826086,0.38181818181818183,0.3804347826086957,1.297826086956522,5.907608695652174,0.41346153846153844,15.416346153846153,104,Allen Crabbe,Portland Trail Blazers,SG,G
203460,3.6666666666666665,0.4857142857142857,1.6444444444444444,0.45121951219512196,0.2537313432835821,0.43902439024390244,1.2329268292682927,5.482926829268293,0.36538461538461536,14.166666666666666,312,Andre Roberson,Oklahoma City Thunder,SG,G
203461,4.673469387755102,0.38461538461538464,2.2857142857142856,0.4148148148148148,0.29411764705882354,0.3962962962962963,1.29,4.741481481481482,0.5301204819277109,12.463052208835341,249,Anthony Bennett,Minnesota Timberwolves,PF,F
203463,10.033898305084746,1.6896551724137931,4.186440677966102,0.43257443082311736,0.35251798561151076,0.9947460595446584,1.7129597197898425,5.174605954465849,0.42105263157894735,15.649473684210527,570,Ben McLemore,Sacramento Kings,SG,G
203468,4.444444444444445,1.0344827586206897,1.8055555555555556,0.3869047619047619,0.40540540540540543,2.744047619047619,3.2535714285714286,4.520238095238095,0.3380281690140845,16.493661971830985,142,CJ McCollum,Portland Trail Blazers,SG,G
203469,5.396551724137931,1.0,2.689655172413793,0.4574780058651026,1.0,0.39882697947214074,1.2636363636363637,4.462463343108505,0.4251012145748988,12.463157894736842,494,Cody Zeller,Charlotte Hornets,C,C
203471,7.350877192982456,0.7045454545454546,3.4035087719298245,0.43400447427293065,0.3522727272727273,6.002237136465324,6.014541387024608,3.9787472035794185,0.49159663865546216,17.75420168067227,238,Dennis Schroder,Atlanta Hawks,PG,G
203476,6.728813559322034,0.25,3.3559322033898304,0.5,0.25,0.4090909090909091,2.0244949494949496,3.2866161616161618,0.5156739811912225,9.568181818181818,638,Gorgui Dieng,Minnesota Timberwolves,C,C
203482,8.829268292682928,0.918918918918919,4.0,0.49848024316109424,0.34,0.6990881458966566,1.6346504559270516,4.564741641337386,0.45544554455445546,11.816831683168317,404,Kelly Olynyk,Boston Celtics,C,C
203484,10.4,1.8333333333333333,4.283333333333333,0.3929663608562691,0.3559870550161812,1.3776758409785932,1.95,4.542201834862385,0.48184019370460046,15.615738498789346,413,Kentavious Caldwell-Pope,Detroit Pistons,SG,G
203486,7.762711864406779,0.0,3.8813559322033897,0.6010498687664042,0.0,0.5748031496062992,1.6241469816272964,2.835695538057743,0.51440329218107,8.83827160493827,486,Mason Plumlee,Brooklyn Nets,C,C
203487,11.26086956521739,0.7441860465116279,5.282608695652174,0.38028169014084506,0.24615384615384617,4.502347417840376,4.7924882629107985,3.3687010954616587,0.4005524861878453,15.698342541436464,362,Michael Carter-Williams,Milwaukee Bucks,PG,G
203487,11.26086956521739,0.7441860465116279,5.282608695652174,0.38028169014084506,0.24615384615384617,4.502347417840376,4.7924882629107985,3.3687010954616587,0.4005524861878453,15.698342541436464,362,Michael Carter-Williams,Philadelphia 76ers,PG,G
203490,5.037037037037037,0.6486486486486487,2.2962962962962963,0.45255474452554745,0.34285714285714286,0.6313868613138686,1.4284671532846716,4.67007299270073,0.3879310344827586,15.27198275862069,232,Otto Porter Jr.,Washington Wizards,SF,F
203492,5.45,0.4666666666666667,2.55,0.43776824034334766,0.2692307692307692,3.4420600858369097,3.6317596566523607,4.088841201716739,0.4778761061946903,15.471238938053098,226,Ray McCallum,Sacramento Kings,PG,G
203496,10.479166666666666,2.3125,4.083333333333333,0.39436619718309857,0.38144329896907214,0.744466800804829,1.7189134808853117,4.506237424547283,0.49157303370786515,15.170224719101125,356,Robert Covington,Philadelphia 76ers,SF,F
203497,5.379310344827586,0.0,2.689655172413793,0.6265060240963856,0.0,0.27710843373493976,1.127309236947791,2.433333333333333,0.38445378151260506,8.956932773109244,476,Rudy Gobert,Utah Jazz,C,C
203498,10.722222222222221,0.8333333333333334,5.083333333333333,0.4867021276595745,0.4,1.0265957446808511,1.6997340425531915,3.1837765957446806,0.4067796610169492,16.994915254237288,236,Shabazz Muhammad,Minnesota Timberwolves,SG,G
203499,4.961538461538462,0.6086956521739131,2.2115384615384617,0.42435424354243545,0.3333333333333333,2.793357933579336,3.142066420664207,4.735055350553505,0.4472843450479233,16.195846645367414,313,Shane Larkin,New York Knicks,PG,G
203500,5.84,0.0,2.92,0.5488721804511278,0.0,0.462406015037594,1.7785714285714287,2.5590225563909774,0.4418604651162791,10.629598308668076,473,Steven Adams,Oklahoma City Thunder,C,C
203501,9.403508771929825,1.6363636363636365,3.912280701754386,0.38316151202749144,0.3202846975088968,1.4261168384879725,2.006357388316151,4.256185567010309,0.4905149051490515,15.675880758807587,369,Tim Hardaway Jr.,New York Knicks,SG,G
203503,5.790697674418604,1.4242424242424243,2.3488372093023258,0.46543778801843316,0.40869565217391307,1.0276497695852536,1.7317972350230415,4.836866359447004,0.43414634146341463,14.938048780487806,205,Tony Snell,Chicago Bulls,SF,F
203504,11.40677966101695,1.6101694915254237,4.898305084745763,0.37581274382314694,0.3220338983050847,3.093628088426528,3.384525357607282,4.032249674902471,0.4969939879759519,16.222244488977957,499,Trey Burke,Utah Jazz,PG,G
203506,13.076923076923077,1.04,6.038461538461538,0.4460227272727273,0.33121019108280253,4.377840909090909,4.4538352272727275,3.8207386363636364,0.47619047619047616,16.01082251082251,462,Victor Oladipo,Orlando Magic,SG,G
203507,8.666666666666666,0.24,4.283333333333333,0.491395793499044,0.17647058823529413,1.8164435946462716,2.7942638623326963,3.5992351816443597,0.4585858585858586,13.191515151515151,495,Giannis Antetokounmpo,Milwaukee Bucks,SG,G
203516,3.119047619047619,0.53125,1.3571428571428572,0.37254901960784315,0.30357142857142855,0.9019607843137255,1.5660130718954248,4.696078431372549,0.5253164556962026,14.121518987341771,158,James Ennis III,Miami Heat,SF,F
203521,3.872340425531915,1.0,1.4893617021276595,0.3482587064676617,0.3783783783783784,2.63681592039801,3.012437810945274,5.54228855721393,0.4186046511627907,17.114728682170544,258,Matthew Dellavedova,Cleveland Cavaliers,SG,G
203524,7.0,0.8571428571428571,3.1,0.3940677966101695,0.3037974683544304,1.7033898305084745,2.6133474576271185,4.130296610169491,0.4520547945205479,15.646183953033267,511,Solomon Hill,Indiana Pacers,SF,F
203544,4.222222222222222,0.8181818181818182,1.711111111111111,0.3632075471698113,0.2857142857142857,0.1650943396226415,1.3476415094339622,5.378773584905661,0.417910447761194,9.628855721393036,201,Pero Antic,Atlanta Hawks,C,C
203894,4.325581395348837,0.9,1.744186046511628,0.375,0.3564356435643564,2.87,3.3895,4.61,0.48936170212765956,17.26468085106383,235,Shabazz Napier,Miami Heat,PG,G
203897,6.4423076923076925,0.5609756097560976,3.0,0.42391304347826086,0.2987012987012987,3.9782608695652173,4.223641304347826,4.14891304347826,0.5173611111111112,14.976041666666667,288,Zach LaVine,Minnesota Timberwolves,PG,G
203901,6.290322580645161,0.2,3.1129032258064515,0.4168466522678186,0.18181818181818182,6.043196544276458,5.645356371490281,3.1732181425485964,0.4818181818181818,16.786136363636363,440,Elfrid Payton,Orlando Magic,PG,G
203909,6.886792452830188,0.8958333333333334,3.0377358490566038,0.39851485148514854,0.2945205479452055,1.3366336633663367,2.0787128712871286,4.081435643564356,0.4222873900293255,14.13049853372434,341,KJ McDaniels,Houston Rockets,SG,G
203909,6.886792452830188,0.8958333333333334,3.0377358490566038,0.39851485148514854,0.2945205479452055,1.3366336633663367,2.0787128712871286,4.081435643564356,0.4222873900293255,14.13049853372434,341,KJ McDaniels,Philadelphia 76ers,SG,G
203917,3.25531914893617,0.5813953488372093,1.3617021276595744,0.33507853403141363,0.2604166666666667,1.350785340314136,1.998952879581152,4.682722513089005,0.4433497536945813,17.085714285714285,203,Nik Stauskas,Sacramento Kings,SG,G
203924,4.5,0.8648648648648649,1.8863636363636365,0.38967136150234744,0.37209302325581395,1.056338028169014,1.9774647887323944,4.244131455399061,0.39357429718875503,14.26425702811245,249,Jerami Grant,Philadelphia 76ers,SF,F
203925,3.088235294117647,0.9310344827586207,1.1470588235294117,0.4020618556701031,0.38571428571428573,0.5979381443298969,1.3670103092783505,5.714432989690721,0.5148514851485149,14.304950495049505,101,Joe Harris,Cleveland Cavaliers,SG,G
203932,4.2592592592592595,0.6923076923076923,1.962962962962963,0.5353535353535354,0.45,1.4242424242424243,2.165656565656566,4.097979797979798,0.45689655172413796,13.830172413793104,116,Aaron Gordon,Orlando Magic,PF,F
203935,6.255813953488372,1.475,2.441860465116279,0.3620689655172414,0.3259668508287293,2.0206896551724136,2.479655172413793,4.291724137931034,0.4463667820069204,16.814186851211073,289,Marcus Smart,Boston Celtics,PG,G
203952,12.135593220338983,0.7619047619047619,5.796610169491525,0.43958868894601544,0.32653061224489793,1.3290488431876606,2.3267352185089973,3.4640102827763495,0.4799382716049383,14.800771604938271,648,Andrew Wiggins,Minnesota Timberwolves,SF,F
203957,4.0,0.8928571428571429,1.5833333333333333,0.33807829181494664,0.28901734104046245,1.4412811387900355,2.074733096085409,5.846619217081851,0.44970414201183434,15.735502958579882,338,Dante Exum,Utah Jazz,PG,G
203960,4.270833333333333,0.5526315789473685,1.9166666666666667,0.45098039215686275,0.3088235294117647,1.696078431372549,2.5049019607843137,4.189705882352942,0.44933920704845814,14.791629955947135,227,JaKarr Sampson,Philadelphia 76ers,SF,F
203994,5.2444444444444445,0.0,2.6222222222222222,0.43866171003717475,0.0,0.7472118959107806,1.7096654275092935,2.925650557620818,0.45121951219512196,8.730487804878049,328,Jusuf Nurkic,Denver Nuggets,C,C
204014,4.204081632653061,1.0,1.653061224489796,0.421875,0.35772357723577236,0.453125,1.2625,5.3859375,0.4318181818181818,16.319886363636364,176,Damjan Rudez,Indiana Pacers,SF,F
204037,3.861111111111111,0.9,1.8055555555555556,0.4140127388535032,0.375,0.732484076433121,1.9439490445859873,4.822292993630573,0.41605839416058393,14.87153284671533,137,Travis Wear,New York Knicks,SF,F
204060,4.0,0.851063829787234,1.6226415094339623,0.4,0.3125,1.083720930232558,2.0316279069767442,5.586046511627907,0.4566929133858268,15.727165354330708,254,Joe Ingles,Utah Jazz,SF,F
